{"cameraMode":{"drawMode":0,"name":"Shaded","section":"Shading Mode"},"sceneLighting":false,"audioPlay":false,"sceneViewState":{"showFog":true,"showMaterialUpdate":false,"showSkybox":false,"showFlares":true,"showImageEffects":true,"showParticleSystems":true},"in2DMode":false,"pivot":{"x":0.1758551150560379,"y":0.2555460035800934,"z":0.03662575036287308},"rotation":{"x":0.05213269218802452,"y":0.40244781970977785,"z":-0.02297133207321167,"w":0.9136855602264404},"size":0.6866024732589722,"orthographic":false}