{"cameraMode":{"drawMode":0,"name":"Shaded","section":"Shading Mode"},"sceneLighting":false,"audioPlay":false,"sceneViewState":{"showFog":true,"showMaterialUpdate":false,"showSkybox":false,"showFlares":true,"showImageEffects":true,"showParticleSystems":true},"in2DMode":false,"pivot":{"x":0.03474879264831543,"y":0.16813838481903077,"z":-0.07014846801757813},"rotation":{"x":0.21577033400535584,"y":0.11394709348678589,"z":-0.025357769802212716,"w":0.969448447227478},"size":1.835092544555664,"orthographic":false}